monat;SPIEGEL_avg_words;SPIEGEL_avg_chars;STERN_avg_words;STERN_avg_chars;SPIEGEL_anzahl;STERN_anzahl;monat_dt
1947-01;300.6031746031746;2141.7936507936506;;;315;0;1947-01-01
1947-02;287.1423611111111;2045.513888888889;;;288;0;1947-02-01
1947-03;277.8304498269896;1976.0553633217994;;;289;0;1947-03-01
1947-04;272.8833333333333;1926.0133333333333;;;300;0;1947-04-01
1947-05;249.29526462395543;1757.7353760445683;;;359;0;1947-05-01
1947-06;258.9657534246575;1827.5650684931506;;;292;0;1947-06-01
1947-07;244.88198757763976;1730.472049689441;;;322;0;1947-07-01
1947-08;258.09223300970876;1826.5898058252428;;;412;0;1947-08-01
1947-09;272.14649681528664;1935.9872611464968;;;314;0;1947-09-01
1947-10;281.06299212598424;1982.1601049868766;;;381;0;1947-10-01
1947-11;293.6962457337884;2081.9556313993176;;;293;0;1947-11-01
1947-12;306.90384615384613;2163.25;;;260;0;1947-12-01
1948-01;327.52613240418117;2330.843205574913;;;287;0;1948-01-01
1948-02;335.1695652173913;2407.034782608696;;;230;0;1948-02-01
1948-03;339.635593220339;2420.423728813559;;;236;0;1948-03-01
1948-04;312.40143369175627;2251.9964157706095;;;279;0;1948-04-01
1948-05;323.5190476190476;2331.352380952381;;;210;0;1948-05-01
1948-06;334.7324561403509;2422.6754385964914;;;228;0;1948-06-01
1948-07;364.1212121212121;2638.0;;;264;0;1948-07-01
1948-08;383.74056603773585;2784.698113207547;;;212;0;1948-08-01
1948-09;363.1727272727273;2611.6318181818183;;;220;0;1948-09-01
1948-10;360.126213592233;2618.6941747572814;;;206;0;1948-10-01
1948-11;370.01951219512193;2695.3756097560977;;;205;0;1948-11-01
1948-12;375.09961685823754;2705.8352490421457;;;261;0;1948-12-01
1949-01;395.2701421800948;2864.701421800948;;;211;0;1949-01-01
1949-02;385.55760368663596;2785.9308755760367;;;217;0;1949-02-01
1949-03;406.337899543379;2916.054794520548;;;219;0;1949-03-01
1949-04;333.2457337883959;2410.286689419795;;;293;0;1949-04-01
1949-05;399.44690265486724;2866.8938053097345;;;226;0;1949-05-01
1949-06;387.0947712418301;2792.294117647059;;;306;0;1949-06-01
1949-07;384.04366812227073;2746.28384279476;;;229;0;1949-07-01
1949-08;384.1245791245791;2764.013468013468;;;297;0;1949-08-01
1949-09;393.60669456066944;2851.0125523012553;;;239;0;1949-09-01
1949-10;420.12916666666666;3004.3708333333334;;;240;0;1949-10-01
1949-11;420.4902597402597;2998.5227272727275;;;308;0;1949-11-01
1949-12;426.0128205128205;3026.7863247863247;;;234;0;1949-12-01
1950-01;420.34420289855075;2997.31884057971;;;276;0;1950-01-01
1950-02;419.06227106227107;3002.7289377289376;;;273;0;1950-02-01
1950-03;476.01328903654485;3409.734219269103;;;301;0;1950-03-01
1950-04;494.4166666666667;3521.1403508771928;;;228;0;1950-04-01
1950-05;433.07308970099666;3150.232558139535;;;301;0;1950-05-01
1950-06;422.3735408560311;3070.4124513618676;;;257;0;1950-06-01
1950-07;468.004329004329;3379.121212121212;;;231;0;1950-07-01
1950-08;454.19933554817277;3274.3388704318936;;;301;0;1950-08-01
1950-09;505.66037735849056;3608.2264150943397;;;212;0;1950-09-01
1950-10;513.8195488721805;3637.3195488721803;;;266;0;1950-10-01
1950-11;610.5111111111111;4367.772222222222;;;180;0;1950-11-01
1950-12;580.7272727272727;4212.641711229947;;;187;0;1950-12-01
1951-01;583.1872146118722;4179.310502283105;;;219;0;1951-01-01
1951-02;545.219387755102;3930.704081632653;;;196;0;1951-02-01
1951-03;522.3263157894737;3811.221052631579;;;190;0;1951-03-01
1951-04;554.0337078651686;4019.1853932584268;;;178;0;1951-04-01
1951-05;668.7037037037037;4791.375661375661;;;189;0;1951-05-01
1951-06;595.8372093023256;4304.889534883721;;;172;0;1951-06-01
1951-07;624.3767441860465;4477.739534883721;;;215;0;1951-07-01
1951-08;591.98125;4241.3;;;160;0;1951-08-01
1951-09;723.3129251700681;5177.727891156463;;;147;0;1951-09-01
1951-10;661.8674033149172;4766.817679558011;;;181;0;1951-10-01
1951-11;684.5202702702703;4984.77027027027;;;148;0;1951-11-01
1951-12;843.0137931034483;6061.724137931034;;;145;0;1951-12-01
1952-01;663.774358974359;4807.753846153846;;;195;0;1952-01-01
1952-02;529.1947368421053;3810.0789473684213;;;190;0;1952-02-01
1952-03;593.9030303030303;4289.496969696969;;;165;0;1952-03-01
1952-04;551.8243902439025;4013.3951219512196;;;205;0;1952-04-01
1952-05;607.8383233532934;4399.0898203592815;;;167;0;1952-05-01
1952-06;562.6910112359551;4110.196629213483;;;178;0;1952-06-01
1952-07;584.4200913242009;4243.785388127854;;;219;0;1952-07-01
1952-08;574.3771428571429;4181.782857142857;;;175;0;1952-08-01
1952-09;515.8173515981736;3735.662100456621;;;219;0;1952-09-01
1952-10;480.4012345679012;3504.3456790123455;;;162;0;1952-10-01
1952-11;445.1965317919075;3262.063583815029;;;173;0;1952-11-01
1952-12;577.3243243243244;4213.372972972973;;;185;0;1952-12-01
1953-01;661.716049382716;4757.79012345679;;;162;0;1953-01-01
1953-02;614.3652694610779;4489.059880239521;;;167;0;1953-02-01
1953-03;583.8555555555556;4214.522222222222;;;180;0;1953-03-01
1953-04;517.941935483871;3750.6709677419353;;;155;0;1953-04-01
1953-05;572.2061068702291;4161.641221374046;;;131;0;1953-05-01
1953-06;585.433734939759;4232.885542168675;;;166;0;1953-06-01
1953-07;620.9699248120301;4467.0;;;133;0;1953-07-01
1953-08;684.1532258064516;4936.604838709677;;;124;0;1953-08-01
1953-09;687.3012820512821;4974.051282051282;;;156;0;1953-09-01
1953-10;710.7155963302753;5127.614678899083;;;109;0;1953-10-01
1953-11;773.1484375;5541.6640625;;;128;0;1953-11-01
1953-12;562.8;4074.5444444444443;;;180;0;1953-12-01
1954-01;600.5845070422536;4336.985915492958;;;142;0;1954-01-01
1954-02;570.0652173913044;4128.86231884058;;;138;0;1954-02-01
1954-03;720.8870967741935;5145.397849462365;;;186;0;1954-03-01
1954-04;574.9271523178808;4178.377483443709;;;151;0;1954-04-01
1954-05;439.60714285714283;3230.3571428571427;;;168;0;1954-05-01
1954-06;504.4078212290503;3660.7486033519554;;;179;0;1954-06-01
1954-07;506.22147651006713;3689.221476510067;;;149;0;1954-07-01
1954-08;509.86387434554973;3731.3403141361255;;;191;0;1954-08-01
1954-09;539.8875;3917.15;;;160;0;1954-09-01
1954-10;619.7304964539007;4494.007092198582;;;141;0;1954-10-01
1954-11;572.8288770053476;4189.128342245989;;;187;0;1954-11-01
1954-12;555.7048192771084;4020.9397590361446;;;166;0;1954-12-01
1955-01;419.6583850931677;3045.409937888199;;;161;0;1955-01-01
1955-02;442.0575539568345;3226.0863309352517;;;139;0;1955-02-01
1955-03;563.8040540540541;4062.662162162162;;;148;0;1955-03-01
1955-04;504.408;3622.376;;;125;0;1955-04-01
1955-05;620.0434782608696;4474.078260869565;;;115;0;1955-05-01
1955-06;594.2764227642276;4304.634146341464;;;123;0;1955-06-01
1955-07;484.6666666666667;3548.0204081632655;;;147;0;1955-07-01
1955-08;592.4626865671642;4305.753731343284;;;134;0;1955-08-01
1955-09;643.5436893203884;4652.291262135922;;;103;0;1955-09-01
1955-10;821.45;5929.2375;;;80;0;1955-10-01
1955-11;582.5761589403974;4212.907284768212;;;151;0;1955-11-01
1955-12;652.2980769230769;4734.701923076923;;;104;0;1955-12-01
1956-01;575.2879377431907;4195.6381322957195;;;257;0;1956-01-01
1956-02;564.1171171171171;4108.779279279279;;;222;0;1956-02-01
1956-03;575.4952830188679;4164.127358490566;;;212;0;1956-03-01
1956-04;567.7605633802817;4132.192488262911;;;213;0;1956-04-01
1956-05;546.5622775800712;3991.6548042704626;;;281;0;1956-05-01
1956-06;576.5873786407767;4173.101941747573;;;206;0;1956-06-01
1956-07;485.49152542372883;3515.7186440677965;;;295;0;1956-07-01
1956-08;458.82995951417;3338.7206477732793;;;247;0;1956-08-01
1956-09;480.4957983193277;3515.5378151260506;;;238;0;1956-09-01
1956-10;499.4479495268139;3658.8895899053628;;;317;0;1956-10-01
1956-11;629.5066666666667;4556.266666666666;;;225;0;1956-11-01
1956-12;596.4566929133858;4314.078740157481;;;254;0;1956-12-01
1957-01;729.7826086956521;5283.856521739131;;;230;0;1957-01-01
1957-02;672.7175925925926;4861.532407407408;;;216;0;1957-02-01
1957-03;703.7437185929648;5066.050251256282;;;199;0;1957-03-01
1957-04;670.7892561983471;4806.93388429752;;;242;0;1957-04-01
1957-05;655.3474178403756;4736.065727699531;;;213;0;1957-05-01
1957-06;664.8056872037914;4839.374407582938;;;211;0;1957-06-01
1957-07;623.7678571428571;4574.35;;;280;0;1957-07-01
1957-08;559.7095435684647;4078.360995850622;;;241;0;1957-08-01
1957-09;702.328502415459;5048.487922705314;;;207;0;1957-09-01
1957-10;760.5947136563876;5492.162995594714;;;227;0;1957-10-01
1957-11;566.2633928571429;4152.410714285715;;;224;0;1957-11-01
1957-12;667.4979591836735;4872.142857142857;;;245;0;1957-12-01
1958-01;660.0;4793.771428571428;;;210;0;1958-01-01
1958-02;715.1794871794872;5185.8564102564105;;;195;0;1958-02-01
1958-03;645.4888888888889;4703.866666666667;;;225;0;1958-03-01
1958-04;716.2962962962963;5240.847736625515;;;243;0;1958-04-01
1958-05;746.6473684210526;5417.363157894737;;;190;0;1958-05-01
1958-06;636.9488372093023;4663.130232558139;;;215;0;1958-06-01
1958-07;660.8661710037175;4837.520446096654;;;269;0;1958-07-01
1958-08;654.7821782178218;4807.445544554455;;;202;0;1958-08-01
1958-09;641.3220973782771;4699.808988764045;;;267;0;1958-09-01
1958-10;652.8904109589041;4708.493150684932;;;219;0;1958-10-01
1958-11;633.3715415019763;4615.328063241107;;;253;0;1958-11-01
1958-12;656.1505376344086;4772.573476702509;;;279;0;1958-12-01
1959-01;700.5231481481482;5141.217592592592;;;216;0;1959-01-01
1959-02;627.030303030303;4579.688311688312;;;231;0;1959-02-01
1959-03;643.4964285714286;4701.535714285715;;;280;0;1959-03-01
1959-04;626.2207792207793;4544.1255411255415;;;231;0;1959-04-01
1959-05;604.0401785714286;4444.522321428572;;;224;0;1959-05-01
1959-06;664.5051194539249;4864.447098976109;;;293;0;1959-06-01
1959-07;580.3609022556391;4279.548872180451;;;266;0;1959-07-01
1959-08;660.7941176470588;4792.033613445378;;;238;0;1959-08-01
1959-09;686.9379310344827;5022.88275862069;;;290;0;1959-09-01
1959-10;685.5791666666667;4988.733333333334;;;240;0;1959-10-01
1959-11;720.2096069868995;5258.170305676856;;;229;0;1959-11-01
1959-12;893.4901960784314;6456.171568627451;;;204;0;1959-12-01
1960-01;767.0896860986547;5546.206278026906;;;223;0;1960-01-01
1960-02;709.8491379310345;5197.512931034483;;;232;0;1960-02-01
1960-03;677.0752688172043;4953.1756272401435;;;279;0;1960-03-01
1960-04;691.2168141592921;5071.066371681416;;;226;0;1960-04-01
1960-05;722.5551181102362;5285.681102362205;;;254;0;1960-05-01
1960-06;588.4112554112554;4341.329004329004;;;231;0;1960-06-01
1960-07;608.3547008547008;4484.833333333333;;;234;0;1960-07-01
1960-08;648.1060606060606;4764.992424242424;;;264;0;1960-08-01
1960-09;645.5732217573221;4788.34309623431;;;239;0;1960-09-01
1960-10;600.5220883534137;4425.341365461847;;;249;0;1960-10-01
1960-11;580.6119402985074;4287.137313432836;;;335;0;1960-11-01
1960-12;580.0524344569288;4273.505617977528;;;267;0;1960-12-01
1961-01;615.76;4549.506666666667;;;300;0;1961-01-01
1961-02;642.1918367346939;4728.689795918367;;;245;0;1961-02-01
1961-03;682.0364372469636;5031.700404858299;;;247;0;1961-03-01
1961-04;723.1207729468599;5280.850241545893;;;207;0;1961-04-01
1961-05;658.4983388704319;4855.558139534884;;;301;0;1961-05-01
1961-06;584.4411764705883;4306.424369747899;;;238;0;1961-06-01
1961-07;640.8318181818182;4724.204545454545;;;220;0;1961-07-01
1961-08;536.8501628664495;3962.270358306189;;;307;0;1961-08-01
1961-09;584.3387755102041;4309.50612244898;;;245;0;1961-09-01
1961-10;561.5163398692811;4100.183006535948;;;306;0;1961-10-01
1961-11;566.7723577235772;4142.670731707317;;;246;0;1961-11-01
1961-12;600.5927419354839;4412.870967741936;;;248;0;1961-12-01
1962-01;468.11986301369865;3451.3698630136987;;;292;0;1962-01-01
1962-02;486.69716088328073;3569.813880126183;;;317;0;1962-02-01
1962-03;556.0307167235495;4030.255972696246;;;293;0;1962-03-01
1962-04;514.8082191780821;3732.3527397260273;;;292;0;1962-04-01
1962-05;497.12;3638.733333333333;;;375;0;1962-05-01
1962-06;506.8134328358209;3721.1417910447763;;;268;0;1962-06-01
1962-07;520.7611940298508;3810.6089552238805;;;335;0;1962-07-01
1962-08;512.1412213740458;3758.2824427480914;;;262;0;1962-08-01
1962-09;495.4914675767918;3631.109215017065;;;293;0;1962-09-01
1962-10;590.3835978835979;4321.526455026455;;;378;0;1962-10-01
1962-11;733.2222222222222;5309.388888888889;;;270;0;1962-11-01
1962-12;585.8904109589041;4312.75;;;292;0;1962-12-01
1963-01;489.0440677966102;3589.9322033898306;;;295;0;1963-01-01
1963-02;551.7789855072464;4051.4384057971015;;;276;0;1963-02-01
1963-03;530.1347517730496;3902.148936170213;;;282;0;1963-03-01
1963-04;520.7643835616439;3819.928767123288;;;365;0;1963-04-01
1963-05;522.1032028469751;3835.0284697508896;;;281;0;1963-05-01
1963-06;476.52131147540985;3489.160655737705;;;305;0;1963-06-01
1963-07;497.8888888888889;3632.594315245478;;;387;0;1963-07-01
1963-08;533.4166666666666;3896.815972222222;;;288;0;1963-08-01
1963-09;496.4423076923077;3622.5833333333335;;;312;0;1963-09-01
1963-10;677.5583333333333;4918.9944444444445;;;360;0;1963-10-01
1963-11;665.9823943661971;4845.098591549296;;;284;0;1963-11-01
1963-12;677.8550185873606;4916.304832713755;;;269;0;1963-12-01
1964-01;607.027972027972;4411.433566433567;;;286;0;1964-01-01
1964-02;599.9857651245552;4309.900355871886;;;281;0;1964-02-01
1964-03;728.6412698412698;5278.653968253968;;;315;0;1964-03-01
1964-04;703.320895522388;5072.753731343284;;;268;0;1964-04-01
1964-05;681.2727272727273;4936.5489510489515;;;286;0;1964-05-01
1964-06;582.841225626741;4226.311977715877;;;359;0;1964-06-01
1964-07;571.5202702702703;4130.5777027027025;;;296;0;1964-07-01
1964-08;608.8252788104089;4429.680297397769;;;269;0;1964-08-01
1964-09;695.0906515580737;5031.507082152974;;;353;0;1964-09-01
1964-10;711.5377358490566;5160.694968553459;;;318;0;1964-10-01
1964-11;734.0324675324675;5297.892857142857;;;308;0;1964-11-01
1964-12;700.6892857142857;5047.3607142857145;;;280;0;1964-12-01
1965-01;582.1714285714286;4205.846428571429;;;280;0;1965-01-01
1965-02;613.8754325259515;4467.920415224913;;;289;0;1965-02-01
1965-03;681.8346253229975;4934.139534883721;;;387;0;1965-03-01
1965-04;654.5917159763313;4750.473372781065;;;338;0;1965-04-01
1965-05;753.2591362126246;5451.196013289036;;;301;0;1965-05-01
1965-06;685.6033519553073;4962.519553072626;;;358;0;1965-06-01
1965-07;659.1595744680851;4707.578014184397;;;282;0;1965-07-01
1965-08;607.5244956772334;4335.4005763688765;;;347;0;1965-08-01
1965-09;650.7537537537537;4674.411411411412;;;333;0;1965-09-01
1965-10;680.4682779456193;4915.1027190332325;;;331;0;1965-10-01
1965-11;650.8605200945626;4714.108747044917;;;423;0;1965-11-01
1965-12;683.3253424657535;4934.256849315068;;;292;0;1965-12-01
1966-01;643.6586826347306;4664.835329341317;;;334;0;1966-01-01
1966-02;750.065934065934;5378.274725274725;;;273;0;1966-02-01
1966-03;737.6036036036036;5270.594594594595;;;333;0;1966-03-01
1966-04;712.9442724458204;5106.452012383901;;;323;0;1966-04-01
1966-05;685.8866498740554;4889.652392947103;;;397;0;1966-05-01
1966-06;709.0;5021.431654676259;;;278;0;1966-06-01
1966-07;580.8360215053764;4143.1720430107525;;;372;0;1966-07-01
1966-08;768.5849056603773;5597.588679245283;;;265;0;1966-08-01
1966-09;762.2417218543046;5475.811258278146;;;302;0;1966-09-01
1966-10;795.5061124694377;5696.508557457213;;;409;0;1966-10-01
1966-11;862.0095846645368;6189.246006389776;;;313;0;1966-11-01
1966-12;757.5087108013937;5511.379790940767;;;287;0;1966-12-01
1967-01;863.0962199312714;6239.494845360825;;;291;0;1967-01-01
1967-02;830.0330578512396;6013.764462809917;;;242;0;1967-02-01
1967-03;829.4887218045113;5962.097744360903;;;266;0;1967-03-01
1967-04;918.7376543209876;6595.916666666667;;;324;0;1967-04-01
1967-05;826.8905109489051;5952.193430656935;;;274;0;1967-05-01
1967-06;814.68669527897;5870.87982832618;;;233;0;1967-06-01
1967-07;801.3141891891892;5729.206081081081;;;296;0;1967-07-01
1967-08;984.2829268292683;6991.8536585365855;;;205;0;1967-08-01
1967-09;942.1395348837209;6707.949612403101;;;258;0;1967-09-01
1967-10;911.3087818696883;6509.70254957507;;;353;0;1967-10-01
1967-11;814.3302469135803;5854.938271604939;;;324;0;1967-11-01
1967-12;796.1114457831326;5705.813253012048;;;332;0;1967-12-01
1968-01;808.2022058823529;5819.033088235294;;;272;0;1968-01-01
1968-02;754.1245551601423;5437.103202846975;;;281;0;1968-02-01
1968-03;749.8729016786571;5406.868105515588;;;417;0;1968-03-01
1968-04;796.218954248366;5783.35294117647;;;306;0;1968-04-01
1968-05;738.754491017964;5363.479041916167;;;334;0;1968-05-01
1968-06;824.5825242718447;5967.533980582524;;;309;0;1968-06-01
1968-07;741.9712230215828;5343.705035971223;;;278;0;1968-07-01
1968-08;806.2649572649573;5782.226495726496;;;234;0;1968-08-01
1968-09;758.1073170731707;5491.309756097561;;;410;0;1968-09-01
1968-10;824.4676923076923;5941.950769230769;;;325;0;1968-10-01
1968-11;767.2011494252873;5581.103448275862;;;348;0;1968-11-01
1968-12;828.7967741935483;6056.2;;;310;0;1968-12-01
1969-01;817.6349206349206;5894.940476190476;;;252;0;1969-01-01
1969-02;821.6518771331058;5973.0273037542665;;;293;0;1969-02-01
1969-03;849.5129533678756;6173.4766839378235;;;386;0;1969-03-01
1969-04;817.2285714285714;6001.746031746032;;;315;0;1969-04-01
1969-05;884.9354838709677;6401.6612903225805;;;310;0;1969-05-01
1969-06;818.3873417721519;5984.79493670886;;;395;0;1969-06-01
1969-07;825.1864406779661;6055.5694915254235;;;295;0;1969-07-01
1969-08;886.1366279069767;6446.633720930233;;;344;0;1969-08-01
1969-09;893.964856230032;6510.488817891373;;;313;0;1969-09-01
1969-10;867.7447447447447;6321.39039039039;;;333;0;1969-10-01
1969-11;777.1518987341772;5681.987341772152;;;474;0;1969-11-01
1969-12;752.5794392523364;5477.2336448598135;;;321;0;1969-12-01
1970-01;771.8522012578617;5621.066037735849;;;318;0;1970-01-01
1970-02;778.1111111111111;5693.555555555556;;;342;0;1970-02-01
1970-03;822.013856812933;6049.355658198614;;;433;0;1970-03-01
1970-04;832.4527777777778;6075.163888888889;;;360;0;1970-04-01
1970-05;898.2795180722892;6548.383132530121;;;415;0;1970-05-01
1970-06;797.0448717948718;5826.294871794872;;;312;0;1970-06-01
1970-07;760.0152905198777;5550.324159021407;;;327;0;1970-07-01
1970-08;821.9946524064171;5992.286096256685;;;374;0;1970-08-01
1970-09;818.8319088319088;5987.390313390313;;;351;0;1970-09-01
1970-10;820.9817232375979;6001.874673629243;;;383;0;1970-10-01
1970-11;886.6073059360731;6477.486301369863;;;438;0;1970-11-01
1970-12;820.2692307692307;5996.096153846154;;;312;0;1970-12-01
1971-01;798.4059139784946;5876.873655913979;;;372;0;1971-01-01
1971-02;796.4330218068536;5841.2305295950155;;;321;0;1971-02-01
1971-03;872.9009287925696;6410.393188854489;;;323;0;1971-03-01
1971-04;828.4615384615385;6064.707100591716;;;338;0;1971-04-01
1971-05;796.0526315789474;5810.839598997493;;;399;0;1971-05-01
1971-06;645.345205479452;4777.756164383562;;;365;0;1971-06-01
1971-07;650.1428571428571;4773.434173669468;;;357;0;1971-07-01
1971-08;666.9495412844037;4914.795871559633;;;436;0;1971-08-01
1971-09;655.7801047120419;4819.746073298429;;;382;0;1971-09-01
1971-10;701.2945054945055;5131.140659340659;;;455;0;1971-10-01
1971-11;673.9821882951654;4962.72010178117;;;393;0;1971-11-01
1971-12;696.0422960725075;5069.682779456193;;;331;0;1971-12-01
1972-01;603.4855875831486;4419.711751662971;;;451;0;1972-01-01
1972-02;653.2040229885057;4771.744252873563;;;348;0;1972-02-01
1972-03;687.1624649859943;5056.781512605042;;;357;0;1972-03-01
1972-04;711.6494117647059;5229.44;;;425;0;1972-04-01
1972-05;677.9970760233919;4949.611111111111;;;342;0;1972-05-01
1972-06;683.014409221902;4991.443804034582;;;347;0;1972-06-01
1972-07;647.4330357142857;4743.783482142857;;;448;0;1972-07-01
1972-08;649.1580459770115;4753.9655172413795;;;348;0;1972-08-01
1972-09;667.8189655172414;4900.103448275862;;;348;0;1972-09-01
1972-10;676.6144067796611;4954.010593220339;;;472;0;1972-10-01
1972-11;692.3396226415094;5083.595687331536;;;371;0;1972-11-01
1972-12;636.6118721461187;4671.431506849315;;;438;0;1972-12-01
1973-01;636.8832335329341;4678.685628742515;;;334;0;1973-01-01
1973-02;605.4969135802469;4463.342592592592;;;324;0;1973-02-01
1973-03;625.988603988604;4582.754985754986;;;351;0;1973-03-01
1973-04;714.0858585858585;5221.805555555556;;;396;0;1973-04-01
1973-05;715.8205980066446;5237.013289036545;;;301;0;1973-05-01
1973-06;671.5811688311688;4891.967532467533;;;308;0;1973-06-01
1973-07;651.0819672131148;4774.7786885245905;;;366;0;1973-07-01
1973-08;677.0528169014085;4952.792253521126;;;284;0;1973-08-01
1973-09;671.2322274881517;4912.097156398104;;;422;0;1973-09-01
1973-10;670.681690140845;4886.5352112676055;;;355;0;1973-10-01
1973-11;763.4084967320262;5579.843137254902;;;306;0;1973-11-01
1973-12;715.5830903790087;5209.903790087464;;;343;0;1973-12-01
1974-01;812.7916666666666;5867.382575757576;;;264;0;1974-01-01
1974-02;717.2637362637363;5256.985347985348;;;273;0;1974-02-01
1974-03;720.3076923076923;5249.065527065527;;;351;0;1974-03-01
1974-04;720.5862068965517;5248.610344827586;;;290;0;1974-04-01
1974-05;700.2454873646209;5083.046931407942;;;277;0;1974-05-01
1974-06;643.4207650273224;4715.38524590164;;;366;0;1974-06-01
1974-07;678.1070110701107;4934.682656826568;;;271;0;1974-07-01
1974-08;648.1161048689139;4698.003745318352;;;267;0;1974-08-01
1974-09;648.3218085106383;4707.757978723404;;;376;0;1974-09-01
1974-10;724.5377049180328;5265.134426229508;;;305;0;1974-10-01
1974-11;728.2124183006536;5301.7091503267975;;;306;0;1974-11-01
1974-12;685.4434782608696;4949.173913043478;;;345;0;1974-12-01
1975-01;660.6605839416059;4827.686131386861;;;274;0;1975-01-01
1975-02;669.0033898305085;4861.396610169491;;;295;0;1975-02-01
1975-03;657.9973045822103;4780.9272237196765;;;371;0;1975-03-01
1975-04;635.1578947368421;4614.455108359133;;;323;0;1975-04-01
1975-05;709.9494949494949;5151.259259259259;;;297;0;1975-05-01
1975-06;659.9281767955802;4815.42817679558;;;362;0;1975-06-01
1975-07;649.0551724137931;4712.262068965517;;;290;0;1975-07-01
1975-08;602.604774535809;4399.15649867374;;;377;0;1975-08-01
1975-09;648.26;4696.873333333333;;;300;0;1975-09-01
1975-10;754.2705882352941;5428.202941176471;;;340;0;1975-10-01
1975-11;697.6389548693587;5031.859857482185;;;421;0;1975-11-01
1975-12;642.8383838383838;4682.909090909091;;;297;0;1975-12-01
1976-01;678.788679245283;4902.732075471698;;;265;0;1976-01-01
1976-02;670.2884615384615;4845.895604395604;;;364;0;1976-02-01
1976-03;661.7456140350877;4806.909356725147;;;342;0;1976-03-01
1976-04;726.4424778761062;5268.058997050148;;;339;0;1976-04-01
1976-05;841.7118055555555;6122.451388888889;;;288;0;1976-05-01
1976-06;747.726643598616;5421.301038062284;;;289;0;1976-06-01
1976-07;748.6447368421053;5403.858552631579;;;304;0;1976-07-01
1976-08;742.0054794520548;5380.3452054794525;;;365;0;1976-08-01
1976-09;826.6808510638298;5970.547112462006;;;329;0;1976-09-01
1976-10;763.3873873873874;5578.324324324324;;;444;0;1976-10-01
1976-11;773.7720797720798;5566.122507122507;;;351;0;1976-11-01
1976-12;694.003125;5050.034375;;;320;0;1976-12-01
1977-01;727.9777158774373;5269.66852367688;;;359;0;1977-01-01
1977-02;777.4638157894736;5659.769736842105;;;304;0;1977-02-01
1977-03;787.3215339233038;5748.339233038348;;;339;0;1977-03-01
1977-04;793.7039274924472;5782.625377643504;;;331;0;1977-04-01
1977-05;752.7178899082569;5504.224770642202;;;436;0;1977-05-01
1977-06;752.5514285714286;5494.905714285715;;;350;0;1977-06-01
1977-07;812.095;5853.515;;;400;0;1977-07-01
1977-08;811.906148867314;5895.957928802589;;;309;0;1977-08-01
1977-09;822.5329153605015;5974.871473354232;;;319;0;1977-09-01
1977-10;882.4658227848101;6391.124050632911;;;395;0;1977-10-01
1977-11;843.5782747603834;6120.386581469648;;;313;0;1977-11-01
1977-12;769.8018867924528;5609.342767295598;;;318;0;1977-12-01
1978-01;794.710027100271;5799.815718157181;;;369;0;1978-01-01
1978-02;802.0958083832336;5783.856287425149;;;334;0;1978-02-01
1978-03;890.7587939698492;6413.341708542714;;;199;0;1978-03-01
1978-04;759.1990291262136;5505.694174757282;;;412;0;1978-04-01
1978-05;829.5718475073314;6032.014662756598;;;341;0;1978-05-01
1978-06;761.7042253521126;5512.352112676056;;;355;0;1978-06-01
1978-07;809.0342298288508;5845.356968215159;;;409;0;1978-07-01
1978-08;783.4239766081871;5626.339181286549;;;342;0;1978-08-01
1978-09;790.94;5734.4228571428575;;;350;0;1978-09-01
1978-10;876.6502463054187;6317.288177339901;;;406;0;1978-10-01
1978-11;836.2852852852853;6095.0330330330335;;;333;0;1978-11-01
1978-12;805.5318066157761;5833.249363867684;;;393;0;1978-12-01
1979-01;807.3385579937304;5860.3448275862065;;;319;0;1979-01-01
1979-02;861.081081081081;6206.543543543544;;;333;0;1979-02-01
1979-03;861.5945945945946;6216.0;;;333;0;1979-03-01
1979-04;835.0837438423646;6057.71921182266;;;406;0;1979-04-01
1979-05;851.4868421052631;6207.7171052631575;;;304;0;1979-05-01
1979-06;880.1725239616613;6365.345047923322;;;313;0;1979-06-01
1979-07;814.6904176904177;5882.970515970516;;;407;0;1979-07-01
1979-08;854.4772036474164;6141.0273556231;;;329;0;1979-08-01
1979-09;856.9121140142518;6142.928741092636;;;421;0;1979-09-01
1979-10;936.2757475083057;6733.016611295681;;;301;0;1979-10-01
1979-11;845.5880597014925;6084.70447761194;;;335;0;1979-11-01
1979-12;952.1269841269841;6788.1640211640215;;;378;0;1979-12-01
1980-01;757.9758064516129;5451.706989247312;;;372;0;1980-01-01
1980-02;739.09828009828;5343.97542997543;;;407;0;1980-02-01
1980-03;830.8227272727273;5946.731818181818;;;440;0;1980-03-01
1980-04;811.7683615819209;5802.169491525424;;;354;0;1980-04-01
1980-05;855.6954022988506;6161.433908045977;;;348;0;1980-05-01
1980-06;827.1300448430493;5952.780269058296;;;446;0;1980-06-01
1980-07;775.7315789473685;5555.739473684211;;;380;0;1980-07-01
1980-08;806.0440528634361;5823.806167400881;;;454;0;1980-08-01
1980-09;837.9889807162534;6046.617079889807;;;363;0;1980-09-01
1980-10;775.6129032258065;5582.459677419355;;;372;0;1980-10-01
1980-11;747.8807531380753;5364.602510460251;;;478;0;1980-11-01
1980-12;764.2364672364672;5490.991452991453;;;351;0;1980-12-01
1981-01;782.7722222222222;5632.7;;;360;0;1981-01-01
1981-02;797.7728459530026;5745.757180156658;;;383;0;1981-02-01
1981-03;802.6666666666666;5779.5161290322585;;;465;0;1981-03-01
1981-04;826.9272237196766;5947.167115902965;;;371;0;1981-04-01
1981-05;784.7505376344086;5658.591397849463;;;465;0;1981-05-01
1981-06;804.9184782608696;5815.907608695652;;;368;0;1981-06-01
1981-07;764.3994974874372;5520.118090452262;;;398;0;1981-07-01
1981-08;806.1618625277162;5814.8137472283815;;;451;0;1981-08-01
1981-09;845.2135135135135;6099.121621621622;;;370;0;1981-09-01
1981-10;773.0565552699229;5579.215938303342;;;389;0;1981-10-01
1981-11;754.6168958742633;5450.019646365422;;;509;0;1981-11-01
1981-12;787.4942857142858;5653.282857142857;;;350;0;1981-12-01
1982-01;782.0704845814978;5640.799559471366;;;454;0;1982-01-01
1982-02;845.1088825214899;6113.060171919771;;;349;0;1982-02-01
1982-03;833.3972972972973;5947.994594594595;;;370;0;1982-03-01
1982-04;861.9688385269122;6220.320113314448;;;353;0;1982-04-01
1982-05;795.3523206751055;5764.202531645569;;;474;0;1982-05-01
1982-06;798.9758713136729;5716.364611260054;;;373;0;1982-06-01
1982-07;800.5765027322404;5773.497267759562;;;366;0;1982-07-01
1982-08;823.4310722100656;5919.439824945295;;;457;0;1982-08-01
1982-09;873.2478632478633;6237.509971509971;;;351;0;1982-09-01
1982-10;871.467991169978;6229.523178807947;;;453;0;1982-10-01
1982-11;816.5283018867924;5848.88679245283;;;371;0;1982-11-01
1982-12;751.1311053984576;5391.2107969151675;;;389;0;1982-12-01
1983-01;844.1594202898551;6088.850241545893;;;414;0;1983-01-01
1983-02;879.7820895522389;6353.468656716418;;;335;0;1983-02-01
1983-03;804.5;5798.107894736842;;;380;0;1983-03-01
1983-04;775.7029177718833;5601.779840848806;;;377;0;1983-04-01
1983-05;859.1046228710462;6228.92700729927;;;411;0;1983-05-01
1983-06;967.54;6996.096666666666;;;300;0;1983-06-01
1983-07;955.217277486911;6932.565445026178;;;382;0;1983-07-01
1983-08;927.6384364820847;6735.019543973941;;;307;0;1983-08-01
1983-09;993.5782747603834;7178.325878594249;;;313;0;1983-09-01
1983-10;998.8341584158416;7167.138613861386;;;404;0;1983-10-01
1983-11;988.2866043613707;7169.2990654205605;;;321;0;1983-11-01
1983-12;941.2944785276073;6820.837423312883;;;326;0;1983-12-01
1984-01;910.3182957393484;6600.401002506265;;;399;0;1984-01-01
1984-02;923.7088607594936;6690.724683544304;;;316;0;1984-02-01
1984-03;918.7752161383286;6638.236311239193;;;347;0;1984-03-01
1984-04;992.934725848564;7156.360313315927;;;383;0;1984-04-01
1984-05;938.8344594594595;6811.010135135135;;;296;0;1984-05-01
1984-06;986.277027027027;7113.256756756757;;;296;0;1984-06-01
1984-07;952.9813829787234;6874.215425531915;;;376;0;1984-07-01
1984-08;935.0626959247649;6737.404388714734;;;319;0;1984-08-01
1984-09;966.6395061728396;6957.834567901235;;;405;0;1984-09-01
1984-10;989.7155963302753;7071.220183486239;;;327;0;1984-10-01
1984-11;913.8081395348837;6559.220930232558;;;344;0;1984-11-01
1984-12;931.8923076923077;6751.284615384616;;;390;0;1984-12-01
1985-01;884.5625;6432.35625;;;320;0;1985-01-01
1985-02;932.5422740524781;6718.297376093295;;;343;0;1985-02-01
1985-03;945.2337349397591;6769.978313253012;;;415;0;1985-03-01
1985-04;962.031847133758;6914.745222929936;;;314;0;1985-04-01
1985-05;922.9662576687117;6682.960122699386;;;326;0;1985-05-01
1985-06;908.0681265206813;6543.79805352798;;;411;0;1985-06-01
1985-07;983.07;7062.5;;;300;0;1985-07-01
1985-08;969.4126984126984;6990.523809523809;;;315;0;1985-08-01
1985-09;942.9380952380952;6782.97380952381;;;420;0;1985-09-01
1985-10;977.8761329305136;7040.36253776435;;;331;0;1985-10-01
1985-11;1018.4485981308411;7319.0342679127725;;;321;0;1985-11-01
1985-12;904.812030075188;6542.077694235589;;;399;0;1985-12-01
1986-01;881.041055718475;6354.011730205279;;;341;0;1986-01-01
1986-02;845.6898395721926;6078.4304812834225;;;374;0;1986-02-01
1986-03;837.0086206896551;6068.353448275862;;;464;0;1986-03-01
1986-04;884.3468208092486;6365.482658959538;;;346;0;1986-04-01
1986-05;911.6831395348837;6585.197674418605;;;344;0;1986-05-01
1986-06;829.171875;6007.881696428572;;;448;0;1986-06-01
1986-07;859.3584337349398;6225.78313253012;;;332;0;1986-07-01
1986-08;837.1383219954648;6048.585034013606;;;441;0;1986-08-01
1986-09;959.0758017492711;6849.565597667638;;;343;0;1986-09-01
1986-10;942.9452449567723;6759.2132564841495;;;347;0;1986-10-01
1986-11;875.1222222222223;6287.0488888888885;;;450;0;1986-11-01
1986-12;861.1807580174927;6221.953352769679;;;343;0;1986-12-01
1987-01;911.6547619047619;6552.883928571428;;;336;0;1987-01-01
1987-02;878.1640625;6259.161458333333;;;384;0;1987-02-01
1987-03;865.3450549450549;6233.375824175824;;;455;0;1987-03-01
1987-04;836.3253968253969;6037.320105820106;;;378;0;1987-04-01
1987-05;845.3928571428571;6114.180672268908;;;476;0;1987-05-01
1987-06;819.0375335120643;5894.887399463807;;;373;0;1987-06-01
1987-07;789.5812672176309;5698.168044077135;;;363;0;1987-07-01
1987-08;833.7353579175705;5937.90672451193;;;461;0;1987-08-01
1987-09;895.9065155807366;6352.583569405099;;;353;0;1987-09-01
1987-10;921.11051212938;6574.3881401617255;;;371;0;1987-10-01
1987-11;843.1915322580645;6117.118951612903;;;496;0;1987-11-01
1987-12;845.7894736842105;6131.060941828255;;;361;0;1987-12-01
1988-01;804.0488322717622;5817.866242038216;;;471;0;1988-01-01
1988-02;788.3553299492386;5721.324873096447;;;394;0;1988-02-01
1988-03;844.1955922865013;6089.504132231405;;;363;0;1988-03-01
1988-04;853.4933687002653;6137.084880636605;;;377;0;1988-04-01
1988-05;853.6892177589853;6161.249471458774;;;473;0;1988-05-01
1988-06;858.042328042328;6192.132275132275;;;378;0;1988-06-01
1988-07;867.8273542600897;6211.313901345292;;;446;0;1988-07-01
1988-08;903.0347826086957;6468.684057971014;;;345;0;1988-08-01
1988-09;810.0501253132832;5852.37343358396;;;399;0;1988-09-01
1988-10;838.200408997955;6063.535787321063;;;489;0;1988-10-01
1988-11;812.0862068965517;5873.906403940887;;;406;0;1988-11-01
1988-12;841.6278481012658;6058.663291139241;;;395;0;1988-12-01
1989-01;809.8645418326694;5823.274900398406;;;502;0;1989-01-01
1989-02;816.1167512690355;5868.081218274112;;;394;0;1989-02-01
1989-03;835.7195767195767;6063.740740740741;;;378;0;1989-03-01
1989-04;806.101030927835;5826.60412371134;;;485;0;1989-04-01
1989-05;862.520618556701;6239.94587628866;;;388;0;1989-05-01
1989-06;808.4567901234568;5843.2962962962965;;;405;0;1989-06-01
1989-07;841.0703624733476;6060.226012793177;;;469;0;1989-07-01
1989-08;870.4527777777778;6231.741666666667;;;360;0;1989-08-01
1989-09;828.82722513089;5964.523560209424;;;382;0;1989-09-01
1989-10;820.9788461538461;5892.767307692307;;;520;0;1989-10-01
1989-11;874.058524173028;6260.944020356234;;;393;0;1989-11-01
1989-12;819.1525423728814;5878.756355932203;;;472;0;1989-12-01
1990-01;836.9868073878628;6004.382585751979;;;379;0;1990-01-01
1990-02;812.0737100737101;5846.636363636364;;;407;0;1990-02-01
1990-03;855.2269129287599;6186.424802110818;;;379;0;1990-03-01
1990-04;847.9831932773109;6079.78781512605;;;476;0;1990-04-01
1990-05;818.4083769633507;5872.539267015707;;;382;0;1990-05-01
1990-06;842.7945205479452;6048.378082191781;;;365;0;1990-06-01
1990-07;846.3775280898876;6034.959550561798;;;445;0;1990-07-01
1990-08;834.2506738544474;5993.293800539083;;;371;0;1990-08-01
1990-09;835.1262135922331;6004.079611650485;;;515;0;1990-09-01
1990-10;818.2165450121654;5894.39902676399;;;411;0;1990-10-01
1990-11;884.6842105263158;6298.609022556391;;;399;0;1990-11-01
1990-12;841.8814317673379;6057.485458612975;;;447;0;1990-12-01
1991-01;845.4921052631579;6063.368421052632;;;380;0;1991-01-01
1991-02;868.2076923076924;6244.084615384615;;;390;0;1991-02-01
1991-03;813.48310139165;5836.976143141153;;;503;0;1991-03-01
1991-04;827.1925;5919.28;;;400;0;1991-04-01
1991-05;815.7125;5857.0825;;;400;0;1991-05-01
1991-06;816.7577639751553;5849.302277432712;;;483;0;1991-06-01
1991-07;812.6684210526316;5833.757894736842;;;380;0;1991-07-01
1991-08;799.8232323232323;5756.578282828283;;;396;0;1991-08-01
1991-09;840.3565573770492;6051.930327868852;;;488;0;1991-09-01
1991-10;808.1811764705882;5794.7364705882355;;;425;0;1991-10-01
1991-11;828.3251231527094;5970.3448275862065;;;406;0;1991-11-01
1991-12;794.983367983368;5712.081081081081;;;481;0;1991-12-01
1992-01;803.4775725593668;5787.372031662269;;;379;0;1992-01-01
1992-02;781.3879518072289;5620.997590361446;;;415;0;1992-02-01
1992-03;801.912109375;5763.650390625;;;512;0;1992-03-01
1992-04;798.2035175879397;5749.665829145729;;;398;0;1992-04-01
1992-05;801.3581213307241;5740.187866927593;;;511;0;1992-05-01
1992-06;747.7912621359224;5346.577669902913;;;412;0;1992-06-01
1992-07;729.6635944700461;5189.9861751152075;;;434;0;1992-07-01
1992-08;718.7190388170055;5146.935304990758;;;541;0;1992-08-01
1992-09;743.7117516629712;5306.858093126386;;;451;0;1992-09-01
1992-10;741.3415730337078;5301.986516853933;;;445;0;1992-10-01
1992-11;722.8507718696397;5193.81475128645;;;583;0;1992-11-01
1992-12;684.7421524663677;4919.161434977578;;;446;0;1992-12-01
1993-01;684.4795539033457;4924.221189591078;;;538;0;1993-01-01
1993-02;709.0742358078603;5096.609170305677;;;458;0;1993-02-01
1993-03;636.2266401590457;4580.312127236581;;;503;0;1993-03-01
1993-04;658.739224137931;4765.8125;;;464;0;1993-04-01
1993-05;618.6318327974277;4427.003215434083;;;622;0;1993-05-01
1993-06;612.0923694779117;4399.4658634538155;;;498;0;1993-06-01
1993-07;621.9917525773196;4445.19381443299;;;485;0;1993-07-01
1993-08;604.8538961038961;4327.978896103896;;;616;0;1993-08-01
1993-09;635.8650793650794;4556.1984126984125;;;504;0;1993-09-01
1993-10;630.1166936790924;4508.542949756888;;;617;0;1993-10-01
1993-11;621.0543259557344;4449.048289738431;;;497;0;1993-11-01
1993-12;607.2473794549267;4353.423480083858;;;477;0;1993-12-01
1994-01;605.4496644295302;4357.786912751678;;;596;0;1994-01-01
1994-02;631.1350210970464;4506.808016877637;;;474;0;1994-02-01
1994-03;608.910569105691;4361.837398373984;;;492;0;1994-03-01
1994-04;604.2457983193277;4327.4789915966385;;;476;0;1994-04-01
1994-05;569.0340909090909;4075.3522727272725;;;616;0;1994-05-01
1994-06;579.1474747474748;4147.143434343434;;;495;0;1994-06-01
1994-07;629.8549488054607;4474.003412969283;;;586;0;1994-07-01
1994-08;597.1346938775511;4244.079591836735;;;490;0;1994-08-01
1994-09;601.504048582996;4259.372469635628;;;494;0;1994-09-01
1994-10;639.2996632996633;4537.348484848485;;;594;0;1994-10-01
1994-11;615.1963190184049;4384.836400817996;;;489;0;1994-11-01
1994-12;580.6157024793389;4161.121900826446;;;484;0;1994-12-01
1995-01;627.499142367067;4477.648370497427;;;583;0;1995-01-01
1995-02;623.2717842323651;4435.838174273859;;;482;0;1995-02-01
1995-03;651.544513457557;4651.057971014493;;;483;0;1995-03-01
1995-04;661.921052631579;4713.0526315789475;;;570;0;1995-04-01
1995-05;616.8884381338743;4369.801217038539;;;493;0;1995-05-01
1995-06;612.7642276422764;4343.617886178862;;;492;0;1995-06-01
1995-07;620.7447154471545;4369.282926829268;;;615;0;1995-07-01
1995-08;643.0509554140127;4570.055201698514;;;471;0;1995-08-01
1995-09;664.7768240343347;4713.392703862661;;;466;0;1995-09-01
1995-10;661.3548387096774;4664.611205432937;;;589;0;1995-10-01
1995-11;643.9372469635628;4579.508097165992;;;494;0;1995-11-01
1995-12;602.6030150753769;4275.323283082077;;;597;0;1995-12-01
1996-01;632.1513292433538;4503.165644171779;;;489;0;1996-01-01
1996-02;654.4126315789474;4629.0526315789475;;;475;0;1996-02-01
1996-03;676.6609589041096;4793.539383561644;;;584;0;1996-03-01
1996-04;659.781052631579;4676.583157894737;;;475;0;1996-04-01
1996-05;655.5741127348643;4682.027139874739;;;479;0;1996-05-01
1996-06;623.3495798319328;4457.473949579832;;;595;0;1996-06-01
1996-07;640.8877338877339;4510.424116424117;;;481;0;1996-07-01
1996-08;620.6576200417536;4406.200417536535;;;479;0;1996-08-01
1996-09;674.1070234113712;4790.759197324414;;;598;0;1996-09-01
1996-10;642.2574850299401;4550.365269461078;;;501;0;1996-10-01
1996-11;655.9425051334703;4631.577002053388;;;487;0;1996-11-01
1996-12;635.1755593803787;4495.877796901893;;;581;0;1996-12-01
1997-01;639.8813905930471;4517.321063394683;;;489;0;1997-01-01
1997-02;680.6687631027254;4812.4842767295595;;;477;0;1997-02-01
1997-03;657.7203947368421;4671.950657894737;;;608;0;1997-03-01
1997-04;665.738683127572;4730.664609053498;;;486;0;1997-04-01
1997-05;676.1185031185031;4791.0;;;481;0;1997-05-01
1997-06;676.704081632653;4798.493197278912;;;588;0;1997-06-01
1997-07;653.3073684210526;4611.071578947369;;;475;0;1997-07-01
1997-08;655.1920529801324;4628.299668874172;;;604;0;1997-08-01
1997-09;652.0689655172414;4623.699797160243;;;493;0;1997-09-01
1997-10;652.7798507462686;4632.57276119403;;;536;0;1997-10-01
1997-11;649.0713153724247;4611.675118858954;;;631;0;1997-11-01
1997-12;627.297520661157;4450.146694214876;;;484;0;1997-12-01
1998-01;597.1623762376238;4247.0039603960395;;;505;0;1998-01-01
1998-02;626.8638211382114;4455.790650406504;;;492;0;1998-02-01
1998-03;616.9001512859304;4382.198184568835;;;661;0;1998-03-01
1998-04;597.7543859649123;4249.672514619883;;;513;0;1998-04-01
1998-05;591.7070866141732;4221.903937007874;;;635;0;1998-05-01
1998-06;605.4418145956607;4299.05325443787;;;507;0;1998-06-01
1998-07;611.0760233918129;4331.062378167641;;;513;0;1998-07-01
1998-08;592.29057187017;4198.046367851623;;;647;0;1998-08-01
1998-09;592.5123674911661;4179.888692579505;;;566;0;1998-09-01
1998-10;612.914590747331;4339.3185053380785;;;562;0;1998-10-01
1998-11;661.5941605839416;4708.1065693430655;;;685;0;1998-11-01
1998-12;662.6356275303643;4707.77935222672;;;494;0;1998-12-01
1999-01;614.5545454545454;4380.928787878788;;;660;0;1999-01-01
1999-02;591.8327137546469;4195.899628252788;;;538;0;1999-02-01
1999-03;648.2831215970962;4624.722323049002;;;551;0;1999-03-01
1999-04;637.5733082706766;4526.9266917293235;;;532;0;1999-04-01
1999-05;647.494890510949;4626.408759124088;;;685;0;1999-05-01
1999-06;630.2256809338521;4479.309338521401;;;514;0;1999-06-01
1999-07;607.0263653483993;4318.306967984934;;;531;0;1999-07-01
1999-08;624.2305295950156;4448.147975077882;;;642;0;1999-08-01
1999-09;678.259067357513;4822.461139896373;;;579;0;1999-09-01
1999-10;656.7613793103449;4672.031724137931;;;725;0;1999-10-01
1999-11;694.258064516129;4957.215053763441;;;558;0;1999-11-01
1999-12;683.6673596673596;4867.681912681913;;;481;0;1999-12-01
2000-01;623.359872611465;4412.028662420382;31.0;234.0;628;1;2000-01-01
2000-02;598.3832116788321;4256.319343065694;;;548;0;2000-02-01
2000-03;631.9340866290019;4489.7250470809795;;;531;0;2000-03-01
2000-04;631.5429447852761;4496.789877300614;;;652;0;2000-04-01
2000-05;623.4444444444445;4430.911487758945;;;531;0;2000-05-01
2000-06;599.4102564102565;4277.790927021696;;;507;0;2000-06-01
2000-07;620.5948963317385;4405.4162679425835;;;627;0;2000-07-01
2000-08;630.6176470588235;4483.535294117647;;;510;0;2000-08-01
2000-09;641.3195488721805;4549.186090225564;;;532;0;2000-09-01
2000-10;665.9436813186813;4707.8489010989015;;;728;0;2000-10-01
2000-11;663.3806228373702;4723.038062283737;570.1666666666666;4149.583333333333;578;12;2000-11-01
2000-12;681.7871287128713;4833.2194719471945;441.5925925925926;3146.3333333333335;606;54;2000-12-01
2001-01;638.2025316455696;4524.0717299578055;346.6;2465.6666666666665;474;150;2001-01-01
2001-02;628.2757201646091;4436.899176954733;1007.625;6837.493055555556;486;144;2001-02-01
2001-03;621.6962962962963;4380.8481481481485;304.53389830508473;2186.4110169491523;540;236;2001-03-01
2001-04;624.4678747940692;4416.130148270181;326.73410404624275;2342.0520231213873;607;173;2001-04-01
2001-05;649.2183235867446;4556.062378167641;386.2162162162162;2768.7297297297296;513;259;2001-05-01
2001-06;636.5944881889764;4503.53937007874;400.8293103448276;2803.0741379310343;508;580;2001-06-01
2001-07;624.9855305466237;4426.358520900321;411.1965317919075;2913.4190751445085;622;346;2001-07-01
2001-08;646.1186094069529;4552.652351738241;383.0064516129032;2787.8709677419356;489;620;2001-08-01
2001-09;730.7317487266554;5138.718166383701;363.6041055718475;2621.8797653958945;589;341;2001-09-01
2001-10;655.5342741935484;4624.544354838709;447.3885542168675;3180.737951807229;496;332;2001-10-01
2001-11;665.6215644820296;4678.640591966174;399.38443396226415;2814.1415094339623;473;424;2001-11-01
2001-12;699.7451327433629;4894.654867256637;437.90529247910865;3100.576601671309;565;359;2001-12-01
2002-01;642.1448979591837;4529.9795918367345;403.547131147541;2881.938524590164;490;488;2002-01-01
2002-02;643.6761710794298;4540.293279022403;446.3802521008403;3185.0420168067226;491;476;2002-02-01
2002-03;594.2124031007752;4202.596899224806;443.44889779559117;3132.5410821643286;645;499;2002-03-01
2002-04;652.4672489082969;4581.917030567685;428.1013133208255;3068.2551594746715;458;533;2002-04-01
2002-05;620.9426229508197;4378.088114754099;466.4074074074074;3284.6784101174344;488;1107;2002-05-01
2002-06;638.1281618887015;4483.883642495784;420.9570405727924;3011.398568019093;593;419;2002-06-01
2002-07;623.8199152542373;4415.152542372882;446.94368932038833;3195.687378640777;472;515;2002-07-01
2002-08;620.6330472103004;4369.972103004292;449.30957230142565;3210.8309572301428;466;491;2002-08-01
2002-09;655.8787878787879;4588.171122994652;437.13272311212813;3078.2105263157896;561;437;2002-09-01
2002-10;633.3006396588486;4448.675906183369;490.43487858719647;3515.626931567329;469;453;2002-10-01
2002-11;642.56570155902;4497.412026726058;491.8338028169014;3485.4281690140847;449;355;2002-11-01
2002-12;611.3299145299145;4306.798290598291;483.4491362763915;3446.274472168906;585;521;2002-12-01
2003-01;615.2713347921225;4329.048140043764;455.5410764872521;3279.0396600566573;457;706;2003-01-01
2003-02;626.6989247311828;4406.52329749104;512.8507462686567;3696.0407055630935;558;737;2003-02-01
2003-03;618.9765957446808;4357.114893617021;484.4721941354904;3521.006066734075;470;989;2003-03-01
2003-04;604.6541850220265;4252.286343612334;519.480459770115;3738.9310344827586;454;870;2003-04-01
2003-05;642.7912844036697;4528.816513761468;494.2134570765661;3549.705336426914;436;862;2003-05-01
2003-06;637.8285198555957;4465.637184115523;495.5854503464203;3578.852193995381;554;866;2003-06-01
2003-07;643.3035294117647;4507.145882352941;517.0457746478874;3685.8521126760565;425;852;2003-07-01
2003-08;679.8367729831144;4759.718574108818;495.6002372479241;3543.2633451957295;533;843;2003-08-01
2003-09;658.1640449438203;4608.004494382022;502.95541401273886;3595.7420382165606;445;942;2003-09-01
2003-10;615.5492662473795;4316.067085953879;522.5900423728814;3712.9353813559323;477;944;2003-10-01
2003-11;611.1361344537816;4299.842016806722;540.1981981981982;3862.2454954954956;595;888;2003-11-01
2003-12;579.2823779193205;4084.8407643312103;546.8222698072805;3909.4357601713064;471;934;2003-12-01
2004-01;611.234762979684;4311.758465011287;500.61736334405145;3609.834941050375;443;933;2004-01-01
2004-02;613.6448763250884;4297.275618374559;552.2965909090909;3945.1454545454544;566;880;2004-02-01
2004-03;642.0434782608696;4543.902173913043;532.582264957265;3793.1944444444443;460;936;2004-03-01
2004-04;606.6026200873363;4268.5502183406115;537.1851441241685;3848.9124168514413;458;902;2004-04-01
2004-05;641.417406749556;4480.666074600355;545.6365524402908;3895.03738317757;563;963;2004-05-01
2004-06;640.1206896551724;4453.614224137931;572.2034830430797;4055.921173235564;464;1091;2004-06-01
2004-07;642.5916473317866;4509.392111368909;510.9778761061947;3647.5433628318583;431;1130;2004-07-01
2004-08;628.7317518248175;4399.655109489051;504.8706563706564;3618.3059845559847;548;1036;2004-08-01
2004-09;615.9076576576576;4327.20045045045;590.5039761431411;4151.531809145129;444;1006;2004-09-01
2004-10;651.0550774526678;4555.142857142857;538.2066590126292;3829.755453501722;581;871;2004-10-01
2004-11;636.3533333333334;4467.406666666667;514.1973684210526;3680.1458333333335;450;912;2004-11-01
2004-12;642.2718894009216;4481.707373271889;520.2355889724311;3708.3609022556393;434;798;2004-12-01
2005-01;642.9871794871794;4512.6611721611725;512.5599051008304;3640.6073546856464;546;843;2005-01-01
2005-02;703.7270588235294;4944.957647058824;508.5530864197531;3656.0876543209874;425;810;2005-02-01
2005-03;616.167714884696;4412.014675052411;566.5578300921187;4028.119754350051;477;977;2005-03-01
2005-04;612.3875278396437;4362.910913140312;495.38302073050346;3529.026653504442;449;1013;2005-04-01
2005-05;661.25678119349;4657.0813743218805;518.807329842932;3706.629319371728;553;955;2005-05-01
2005-06;665.9886363636364;4698.497727272727;516.1748099891422;3685.4201954397395;440;921;2005-06-01
2005-07;666.3644688644689;4672.923076923077;522.9710144927536;3735.5719063545152;546;897;2005-07-01
2005-08;681.9429928741092;4780.824228028504;557.956572769953;3963.455399061033;421;852;2005-08-01
2005-09;714.3022813688212;4961.914448669201;554.3225806451613;3940.3709677419356;526;868;2005-09-01
2005-10;636.541755888651;4456.995717344754;535.5304347826087;3822.695652173913;467;1035;2005-10-01
2005-11;664.5112612612612;4675.738738738739;525.514619883041;3727.3583959899747;444;1197;2005-11-01
2005-12;661.5209713024283;4635.554083885209;526.6125356125356;3743.874643874644;453;1053;2005-12-01
2006-01;655.6062271062272;4623.677655677656;520.5767946577629;3710.47245409015;546;1198;2006-01-01
2006-02;675.3529411764706;4719.644705882353;531.1277777777777;3786.15;425;1080;2006-02-01
2006-03;639.2147651006711;4475.082774049217;541.0822041553749;3839.3062330623306;447;1107;2006-03-01
2006-04;669.5280898876405;4677.262172284644;536.3055276381909;3802.9396984924624;534;995;2006-04-01
2006-05;641.3513513513514;4500.995495495496;549.4118207816969;3898.9656816015254;444;1049;2006-05-01
2006-06;680.7674943566591;4735.022573363432;521.5481548154816;3693.80198019802;443;1111;2006-06-01
2006-07;636.8378378378378;4479.542342342343;535.0729653882133;3788.926099158092;555;1069;2006-07-01
2006-08;660.1831325301205;4600.73734939759;531.424013434089;3779.092359361881;415;1191;2006-08-01
2006-09;679.4325581395349;4754.537209302325;524.0668693009119;3722.031155015198;430;1316;2006-09-01
2006-10;688.8752228163993;4815.926916221034;544.0235964198536;3854.288039056143;561;1229;2006-10-01
2006-11;649.80174291939;4557.418300653595;549.6110223642172;3881.473642172524;459;1252;2006-11-01
2006-12;650.7368421052631;4549.566243194193;609.4427412082957;4290.908926961226;551;1109;2006-12-01
2007-01;651.5646551724138;4554.012931034483;534.9055183946489;3784.1964882943143;464;1196;2007-01-01
2007-02;690.4557823129252;4849.696145124716;523.5127986348123;3686.9931740614334;441;1172;2007-02-01
2007-03;658.6905829596412;4606.168161434977;563.1707516339869;3987.0833333333335;446;1224;2007-03-01
2007-04;652.6126126126126;4547.272072072072;578.1781888997078;4055.7039922103213;555;1027;2007-04-01
2007-05;643.8505494505495;4494.221978021978;599.1017576318224;4201.6355226642;455;1081;2007-05-01
2007-06;657.2641083521445;4604.444695259594;602.0819209039548;4233.351224105461;443;1062;2007-06-01
2007-07;668.4222222222222;4649.424074074074;586.9320036264733;4134.078875793291;540;1103;2007-07-01
2007-08;662.7585421412301;4621.592255125285;505.9431072210066;3568.3129102844637;439;1371;2007-08-01
2007-09;660.9584055459272;4611.2270363951475;600.735248447205;4214.135093167702;577;1288;2007-09-01
2007-10;689.0132450331126;4786.342163355408;619.6595394736842;4346.330592105263;453;1216;2007-10-01
2007-11;626.0808510638298;4370.023404255319;598.7755875663381;4212.432145564821;470;1319;2007-11-01
2007-12;645.3111111111111;4489.054700854701;583.0883333333334;4108.7375;585;1200;2007-12-01
2008-01;661.35;4607.218181818182;611.4271323035595;4286.965077233042;440;1489;2008-01-01
2008-02;653.4379232505644;4527.10835214447;600.6053571428571;4212.591666666666;443;1680;2008-02-01
2008-03;680.3815789473684;4724.063909774436;636.7153787299159;4483.960979342005;532;1307;2008-03-01
2008-04;661.6595744680851;4633.647754137116;626.2686366689053;4389.488247145736;423;1489;2008-04-01
2008-05;726.2087378640776;5044.208737864078;624.0899031811895;4361.249654218534;412;1446;2008-05-01
2008-06;714.2194174757282;4969.176699029126;584.8387096774194;4093.264150943396;515;1643;2008-06-01
2008-07;707.502427184466;4922.325242718447;564.0693825588797;3971.038192234246;412;1571;2008-07-01
2008-08;756.5071574642127;5235.42126789366;586.5632603406326;4127.9726277372265;489;1644;2008-08-01
2008-09;715.0278481012658;4949.53417721519;593.9816919191919;4182.731691919192;395;1584;2008-09-01
2008-10;677.2864077669902;4716.3179611650485;562.4565937707091;3955.234592445328;412;1509;2008-10-01
2008-11;737.4344262295082;5123.002049180328;514.8180124223602;3625.566459627329;488;1610;2008-11-01
2008-12;707.7066326530612;4935.413265306122;525.9565217391304;3709.377049180328;392;1403;2008-12-01
2009-01;711.1218274111675;4928.5609137055835;513.0398671096345;3611.975415282392;394;1505;2009-01-01
2009-02;726.091811414392;5068.610421836228;529.2343976777939;3731.8149492017415;403;1378;2009-02-01
2009-03;765.1877637130801;5303.533755274261;541.227302416721;3802.402351404311;474;1531;2009-03-01
2009-04;726.2260638297872;5059.83244680851;547.1658144631118;3845.6771365960553;376;1369;2009-04-01
2009-05;697.5666666666667;4849.154901960785;551.6428571428571;3874.6113801452784;510;826;2009-05-01
2009-06;671.8365384615385;4668.4254807692305;527.709120788825;3729.089564502876;416;1217;2009-06-01
2009-07;689.6228287841191;4803.188585607941;536.105623100304;3789.0281155015196;403;1316;2009-07-01
2009-08;728.0408163265306;5042.677551020408;490.5076427996782;3458.4658085277556;490;1243;2009-08-01
2009-09;728.0530303030303;5026.040404040404;459.57242447714947;3252.285050348567;396;1291;2009-09-01
2009-10;699.5979899497487;4851.180904522613;444.55651595744683;3171.3583776595747;398;1504;2009-10-01
2009-11;727.1149193548387;5067.423387096775;416.3742550655542;2975.4839094159715;496;1678;2009-11-01
2009-12;747.642673521851;5180.570694087403;406.91166321601105;2912.135265700483;389;1449;2009-12-01
2010-01;;;394.25155455059354;2826.677218767665;0;1769;2010-01-01
2010-02;;;401.9429292929293;2880.8742424242423;0;1980;2010-02-01
2010-03;;;404.682205289108;2917.7113402061855;0;2231;2010-03-01
2010-04;;;434.0383064516129;3110.858366935484;0;1984;2010-04-01
2010-05;;;421.77457539886774;3007.412249099331;0;1943;2010-05-01
2010-06;;;426.4683168316832;3037.9797029702972;0;2020;2010-06-01
2010-07;;;420.20406038521605;2995.098386257158;0;1921;2010-07-01
2010-08;;;404.02258726899385;2893.9558521560575;0;1948;2010-08-01
2010-09;;;425.8994974874372;3031.7141959798996;0;1592;2010-09-01
2010-10;;;426.34615384615387;3047.737980769231;0;1664;2010-10-01
2010-11;;;409.3849878934625;2932.180387409201;0;1652;2010-11-01
2010-12;;;407.14866863905326;2918.6531065088757;0;1352;2010-12-01
2011-01;;;434.3503144654088;3092.0798742138363;0;1590;2011-01-01
2011-02;;;443.19649122807016;3159.7473684210527;0;1425;2011-02-01
2011-03;;;462.96846011131726;3322.0927643784785;0;1617;2011-03-01
2011-04;;;426.22527832351017;3040.3163064833007;0;1527;2011-04-01
2011-05;;;434.57475083056477;3086.6611295681064;0;1505;2011-05-01
2011-06;;;423.25965177895534;3023.3065859197577;0;1321;2011-06-01
2011-07;;;420.40255754475703;2975.1268542199487;0;1955;2011-07-01
2011-08;;;453.2242453282223;3175.7565884044084;0;2087;2011-08-01
2011-09;;;461.297153883261;3236.3449107573565;0;2073;2011-09-01
2011-10;;;447.5587954110899;3146.980879541109;0;2092;2011-10-01
2011-11;;;466.52620967741933;3291.8518145161293;0;1984;2011-11-01
2011-12;;;433.7794285714286;3057.8674285714287;0;1750;2011-12-01
2012-01;;;445.20775347912524;3132.8986083499008;0;2012;2012-01-01
2012-02;;;469.032650802435;3296.6104039845045;0;1807;2012-02-01
2012-03;;;462.26094182825483;3236.6520775623267;0;1805;2012-03-01
2012-04;;;460.1802015411974;3223.1707172495553;0;1687;2012-04-01
2012-05;;;460.5959651035987;3235.168484187568;0;1834;2012-05-01
2012-06;;;457.54833984375;3222.89794921875;0;2048;2012-06-01
2012-07;;;418.24943566591423;2986.0643340857787;0;1772;2012-07-01
2012-08;;;402.7949454336588;2867.746697300402;0;1741;2012-08-01
2012-09;;;414.4698795180723;2947.5682730923695;0;1494;2012-09-01
2012-10;;;398.73929236499066;2827.504034761018;0;1611;2012-10-01
2012-11;;;400.2066792690611;2854.0088216761183;0;1587;2012-11-01
2012-12;;;369.0193164933135;2630.190936106984;0;1346;2012-12-01
2013-01;;;387.5716845878136;2774.3434886499404;0;1674;2013-01-01
2013-02;;;385.41745730550286;2748.6995572422516;0;1581;2013-02-01
2013-03;;;392.0608146873207;2787.617900172117;0;1743;2013-03-01
2013-04;;;360.9188107489994;2578.5042881646655;0;1749;2013-04-01
2013-05;;;360.02170188463737;2565.615648201028;0;1751;2013-05-01
2013-06;;;406.6368491321762;2895.501335113485;0;1498;2013-06-01
2013-07;;;389.5696614583333;2765.84765625;0;1536;2013-07-01
2013-08;;;387.8067463106114;2743.092059030218;0;1423;2013-08-01
2013-09;;;394.7816750178955;2777.659985683608;0;1397;2013-09-01
2013-10;;;388.3602771362587;2732.6020015396457;0;1299;2013-10-01
2013-11;;;396.60727611940297;2778.6921641791046;0;1072;2013-11-01
2013-12;;;414.0530303030303;2905.7261904761904;0;924;2013-12-01
2014-01;;;373.6196660482375;2640.0343228200372;0;1078;2014-01-01
2014-02;;;420.19727891156464;2946.2151360544217;0;1176;2014-02-01
2014-03;;;464.3829787234043;3247.6910638297873;0;1175;2014-03-01
2014-04;;;420.1525423728813;2932.9601694915254;0;1180;2014-04-01
2014-05;;;396.4502435629784;2771.025748086291;0;1437;2014-05-01
2014-06;;;390.5018404907975;2735.4803680981595;0;1630;2014-06-01
2014-07;;;389.97344632768363;2755.2276836158194;0;1770;2014-07-01
2014-08;;;371.1408706166868;2621.5308343409915;0;1654;2014-08-01
2014-09;;;400.8173636844891;2817.5929062996292;0;1889;2014-09-01
2014-10;;;388.42522432701895;2729.443170488534;0;2006;2014-10-01
2014-11;;;380.86192684183413;2663.270994332818;0;1941;2014-11-01
2014-12;;;365.0183333333333;2555.1966666666667;0;1800;2014-12-01
2015-01;;;385.802780638517;2712.7729145211124;0;1942;2015-01-01
2015-02;;;389.53747203579417;2740.657158836689;0;1788;2015-02-01
2015-03;;;388.4695340501792;2725.4761904761904;0;1953;2015-03-01
2015-04;;;383.2132701421801;2673.0683818551115;0;1477;2015-04-01
2015-05;;;400.1491620111732;2785.2832402234635;0;1790;2015-05-01
2015-06;;;395.7712305025997;2767.9670710571922;0;1731;2015-06-01
2015-07;;;397.7841606246514;2791.06525376464;0;1793;2015-07-01
2015-08;;;386.64136413641364;2703.7359735973596;0;1818;2015-08-01
2015-09;;;420.4345205479452;2958.344109589041;0;1825;2015-09-01
2015-10;;;394.29857819905214;2761.3802001053186;0;1899;2015-10-01
2015-11;;;394.8923900118906;2767.5148632580263;0;1682;2015-11-01
2015-12;;;409.5178197064989;2855.0279524807825;0;1431;2015-12-01
2016-01;;;393.1169658367111;2748.123914302258;0;1727;2016-01-01
2016-02;;;389.04072398190044;2702.239172592114;0;1547;2016-02-01
2016-03;;;373.7103274559194;2585.9452141057936;0;1588;2016-03-01
2016-04;;;357.6397099832683;2484.075850529838;0;1793;2016-04-01
2016-05;;;379.40602950609366;2629.2681205901217;0;1559;2016-05-01
2016-06;;;431.15518311607696;2986.603351955307;0;1611;2016-06-01
2016-07;;;478.5677233429395;3340.7968299711815;0;1388;2016-07-01
2016-08;;;471.63722627737224;3287.351094890511;0;1370;2016-08-01
2016-09;;;490.7176386913229;3399.9452347083925;0;1406;2016-09-01
2016-10;;;482.0674486803519;3340.615835777126;0;1364;2016-10-01
2016-11;;;492.10952689565784;3426.51911860013;0;1543;2016-11-01
2016-12;;;499.51530993278567;3497.2942494398803;0;1339;2016-12-01
2017-01;;;472.6020910209102;3309.80319803198;0;1626;2017-01-01
2017-02;;;486.0049786628734;3399.1294452347083;0;1406;2017-02-01
2017-03;;;509.25015142337975;3563.512416717141;0;1651;2017-03-01
2017-04;;;510.81620149761744;3558.241660993873;0;1469;2017-04-01
2017-05;;;519.5960624575696;3620.1031907671418;0;1473;2017-05-01
2017-06;;;515.7232704402516;3599.024458420685;0;1431;2017-06-01
2017-07;;;511.5446985446985;3592.3153153153153;0;1443;2017-07-01
2017-08;;;512.0014357501794;3579.983488872936;0;1393;2017-08-01
2017-09;;;568.5614285714286;3985.197142857143;0;1400;2017-09-01
2017-10;;;551.241461477363;3856.41461477363;0;1259;2017-10-01
2017-11;;;523.1461295418642;3665.3349131121645;0;1266;2017-11-01
2017-12;;;599.4866310160428;4205.8395721925135;0;1122;2017-12-01
2018-01;;;560.1477501678979;3931.860308932169;0;1489;2018-01-01
2018-02;;;570.0075642965204;3994.5408472012105;0;1322;2018-02-01
2018-03;;;454.3336145086461;3155.0362716153522;0;2371;2018-03-01
2018-04;;;476.44989604989604;3305.42079002079;0;2405;2018-04-01
2018-05;;;458.91417591801877;3174.6524338172503;0;2342;2018-05-01
2018-06;;;453.5736331569665;3137.0930335097;0;2268;2018-06-01
2018-07;;;468.5004625346901;3246.3464384828862;0;2162;2018-07-01
2018-08;;;437.93336314847943;3028.7526833631487;0;2236;2018-08-01
2018-09;;;462.4487238979118;3204.995823665893;0;2155;2018-09-01
2018-10;;;469.6776375112714;3248.0698827772767;0;2218;2018-10-01
2018-11;;;459.85459533607684;3181.8925468678553;0;2187;2018-11-01
2018-12;;;465.00329489291596;3225.712246018671;0;1821;2018-12-01
2019-01;;;468.38807260155573;3240.201382886776;0;2314;2019-01-01
2019-02;;;488.0937193326791;3378.03532875368;0;2038;2019-02-01
2019-03;;;471.6713508612874;3274.0185856754306;0;2206;2019-03-01
2019-04;;;464.24261201143946;3216.4094375595805;0;2098;2019-04-01
2019-05;;;464.0270509977827;3217.4838137472284;0;2255;2019-05-01
2019-06;;;454.1493296347665;3165.7762367082755;0;2163;2019-06-01
2019-07;;;464.19959016393443;3232.986475409836;0;2440;2019-07-01
2019-08;;;484.81431670281995;3371.1015184381777;0;2305;2019-08-01
2019-09;;;492.5279341706366;3433.977479428324;0;2309;2019-09-01
2019-10;;;463.5602953240361;3232.383100902379;0;2438;2019-10-01
2019-11;;;430.4499788940481;2998.115238497256;0;2369;2019-11-01
2019-12;;;445.07946096654274;3117.1496282527883;0;2152;2019-12-01
2020-01;;;461.1888085268367;3216.8484963837077;0;2627;2020-01-01
2020-02;;;488.1703117729176;3417.0139599813865;0;2149;2020-02-01
2020-03;;;465.82807902480033;3266.20386717108;0;2379;2020-03-01
2020-04;;;394.87708719851577;2751.7152133580703;0;2156;2020-04-01
2020-05;;;402.18775326429534;2808.119315623593;0;2221;2020-05-01
2020-06;;;438.91415525114155;3100.6054794520546;0;2190;2020-06-01
2020-07;;;432.6458072590738;3046.633291614518;0;2397;2020-07-01
2020-08;;;453.7435789473684;3181.441263157895;0;2375;2020-08-01
2020-09;;;472.23908248786944;3313.3387737097487;0;2267;2020-09-01
2020-10;;;463.6890370987912;3261.3455606502707;0;2399;2020-10-01
2020-11;;;442.48976926425775;3100.235524597301;0;2297;2020-11-01
2020-12;;;442.4373259052925;3098.5571030640667;0;2154;2020-12-01
2021-01;;;442.2903357903358;3101.2010647010648;0;2442;2021-01-01
2021-02;;;450.7494710114262;3161.869234024545;0;2363;2021-02-01
2021-03;;;446.27814060699194;3138.5178640030736;0;2603;2021-03-01
2021-04;;;422.5259287925697;2969.2082043343653;0;2584;2021-04-01
2021-05;;;433.30102669404516;3044.5523613963037;0;2435;2021-05-01
2021-06;;;370.9722792607803;2600.3439425051333;0;2922;2021-06-01
2021-07;;;363.9064970780337;2558.805087658989;0;2909;2021-07-01
2021-08;;;377.35753424657537;2644.0236301369864;0;2920;2021-08-01
2021-09;;;381.88794992175275;2673.5890453834118;0;3195;2021-09-01
2021-10;;;362.948270489249;2542.1134309753816;0;3209;2021-10-01
2021-11;;;381.52285714285716;2685.598095238095;0;3150;2021-11-01
2021-12;;;333.46560319042874;2333.0897308075773;0;3009;2021-12-01
2022-01;5252.5;37118.5;339.92316926770707;2386.953181272509;4;3332;2022-01-01
2022-02;;;355.5862403100775;2484.4651162790697;0;3096;2022-02-01
2022-03;;;335.3084975369458;2338.839285714286;0;3248;2022-03-01
2022-04;;;351.18316001341833;2449.1382086548138;0;2981;2022-04-01
2022-05;;;354.06162373655036;2473.1431366155853;0;3067;2022-05-01
2022-06;;;361.62203389830506;2537.8;0;2950;2022-06-01
2022-07;;;329.3804725503822;2285.419041000695;0;2878;2022-07-01
2022-08;;;332.449325384374;2323.3118920614997;0;3187;2022-08-01
2022-09;;;348.34898407468427;2420.866556836903;0;3642;2022-09-01
2022-10;;;345.78998073217724;2401.9738508120013;0;3633;2022-10-01
2022-11;;;351.18215223097116;2422.248031496063;0;3810;2022-11-01
2022-12;;;334.1170468187275;2321.3958583433373;0;3332;2022-12-01
2023-01;;;336.5131388969102;2337.7600346520358;0;3463;2023-01-01
2023-02;;;311.8326055312955;2187.228529839884;0;2061;2023-02-01
2023-03;;;313.09658040665437;2212.621996303142;0;2164;2023-03-01
2023-04;;;335.4230583695128;2350.3188615533045;0;2073;2023-04-01
2023-05;;;307.1046351537403;2157.365764111978;0;2179;2023-05-01
2023-06;;;312.57641119779714;2205.1877007801745;0;2179;2023-06-01
2023-07;;;345.218330134357;2424.9971209213054;0;2084;2023-07-01
2023-08;;;328.5949975949976;2305.7383357383355;0;2079;2023-08-01
2023-09;;;349.45366972477063;2465.140366972477;0;2180;2023-09-01
2023-10;;;326.35143139190524;2297.2349457058244;0;2026;2023-10-01
2023-11;;;353.96088264794383;2493.619358074223;0;1994;2023-11-01
2023-12;450.0;3488.0;357.625332623736;2520.0308674827033;3;1879;2023-12-01
2024-01;;;375.64359698681733;2642.741525423729;0;2124;2024-01-01
2024-02;;;435.7067039106145;3057.862569832402;0;1790;2024-02-01
2024-03;;;402.1020527859238;2824.792375366569;0;1705;2024-03-01
2024-04;47.8;346.0;398.8091286307054;2810.263781861292;5;1687;2024-04-01
2024-05;44.6;337.4;403.74892307692306;2846.878153846154;10;1625;2024-05-01
2024-06;;;397.65090909090907;2804.4721212121212;0;1650;2024-06-01
2024-07;;;374.043771043771;2625.6672278338947;0;1782;2024-07-01
2024-08;;;361.0171044593769;2537.82956627978;0;1637;2024-08-01
2024-09;;;365.63766456783054;2560.7458500286207;0;1747;2024-09-01
2024-10;75.0;545.0;366.3034877667881;2574.070796460177;1;1921;2024-10-01
2024-11;;;361.87624750499003;2547.9001996007983;0;2004;2024-11-01
2024-12;;;376.5564692982456;2654.402412280702;0;1824;2024-12-01
2025-01;35.0;255.0;;;1;0;2025-01-01
2025-02;46.2;356.9;;;10;0;2025-02-01
2025-03;;;;;0;0;2025-03-01
2025-04;;;;;0;0;2025-04-01
2025-05;;;;;0;0;2025-05-01
2025-06;;;;;0;0;2025-06-01
2025-07;;;;;0;0;2025-07-01
2025-08;;;;;0;0;2025-08-01
2025-09;;;;;0;0;2025-09-01
2025-10;;;;;0;0;2025-10-01
2025-11;;;;;0;0;2025-11-01
2025-12;;;;;0;0;2025-12-01
